,,2023,,,,,2024,,,,,,,,,,,,,,2025,,,,,,,,,,,,,2026,,,,,,,,,,,,
,,,,,,,,,,,,,,,,,,,,,,,,,,,,,,,,,,,,,,觸及人數目標,"1,638,000",,,,,,,
,,,,,,,,,,,,,,,,,,,,,,,,,,,,,,,,,,,,,,粉絲數目標,"7,500",,,,,,,
,,10月,11月,12月,總計,,1月,2月,3月,4月,5月,6月,7月,8月,9月,10 月,11 月,12 月,Total,,1月,2月,3月,4月,5月,6月,7月,8月,9月,10 月,11 月,12 月,Total,1月,2月,3月,4月,5月,6月,7月,8月,9月,10 月,11 月,12 月,Total
,總自然觸及人數,"77,170","73,368","122,729","664,636",,"60,341","95,465","203,067","121,104","130,129","150,721","110,810","138,585","113,295","710,021","113,197","112,196","1,402,684",,"66,527","158,449","129,612","100,015","126,070","93,054","176,340","112,682","436,762","105,623","723,628","254,708","2,483,470","687,547","491,828",,,,,,,,,,,
,月度成長率,-,-4.93%,67.28%,,,-50.83%,58.21%,112.71%,-40.36%,7.45%,15.82%,-26.48%,25.07%,-18.25%,526.70%,-84.06%,-0.88%,100.2%,,-40.70%,138.17%,-18.20%,-22.84%,26.05%,-26.19%,89.50%,-36.10%,287.61%,-75.82%,585.10%,-64.80%,,,,,,,,,,,,,,
,季度,-,-,"273,267",,,-,-,"358,873",-,-,"401,954",-,-,"362,690",-,-,"935,414",,,-,-,"354,588",-,-,"319,139",-,-,"725,784",-,-,"1,083,959",,,,,,,,,,,,,,
,季度成長率,-,-,-,,,-,-,31.33%,-,-,12.00%,-,-,-9.77%,-,-,157.91%,,,-,-,-62.09%,-,-,-10.00%,-,-,127.42%,-,-,49.35%,,,,,,,,,,,,,,
,總廣告觸及人數,"81,192","33,615","72,268",,,"61,963","250,784","82,953","258,225","95,955","159,378","116,125","24,549","157,099","433,072","109,720","180,950","1,930,773",,"120,458","234,153","395,402","124,499","98,721","285,199","475,179","411,178","130,030","347,055","739,638","111,985","784,130","296,467","164,209",,,,,,,,,,,
,月度成長率,-,-58.60%,114.99%,,,-14.26%,304.73%,-66.92%,211.29%,-62.84%,66.10%,-27.14%,-78.86%,539.94%,175.67%,-74.66%,64.92%,,,-33.43%,94.39%,68.86%,-68.51%,-20.71%,188.89%,66.61%,-13.47%,-68.38%,166.90%,113.12%,-84.86%,,,,,,,,,,,,,,
,季度,-,-,"187,075",,,-,-,"395,700",-,-,"513,558",-,-,"297,773",-,-,"723,742",,,-,-,"750,013",-,-,"508,419",-,-,"1,016,387",-,-,"1,198,678",,,,,,,,,,,,,,
,季度成長率,-,-,-,,,-,-,111.52%,-,-,29.78%,-,-,-42.02%,-,-,143.05%,,,-,-,3.63%,-,-,-32.21%,-,-,99.91%,-,-,17.94%,,,,,,,,,,,,,,
,總觸及人數,"158,362","106,983","194,997",,,"122,304","346,249","286,020","379,329","226,084","310,099","226,935","163,134","270,394","1,143,093","222,917","293,146","3,989,704",,"186,985","392,602","525,014","224,514","224,791","378,253","651,519","523,860","566,792","452,678","1,463,266","366,693","3,267,600","984,014","656,037",,,,,,,,,,,
,月度成長率,-,-32.44%,82.27%,,,-37.28%,183.11%,-17.39%,32.62%,-40.40%,37.16%,-26.82%,-28.11%,65.75%,322.75%,-80.50%,31.50%,,,-36.21%,109.96%,33.73%,-57.24%,0.12%,68.27%,72.24%,-19.59%,8.20%,-20.13%,223.25%,-74.94%,,,,,,,,,,,,,,
,季度,-,-,"460,342",,,-,-,"754,573",-,-,"915,512",-,-,"660,463",-,-,"1,659,156",,,-,-,"1,104,601",-,-,"827,558",-,-,"1,742,171",-,-,"2,282,637",,,,,,,,,,,,,,
,季度成長率,-,-,-,,,-,-,63.92%,-,-,21.33%,-,-,-27.86%,-,-,151.21%,,,-,-,-33.42%,-,-,-25.08%,-,-,110.52%,-,-,31.02%,,,,,,,,,,,,,,
,新增淨追蹤數（新增-取消）,334,293,873,,,377,472,"1,086",616,446,330,343,550,584,"3,261","1,271","1,191","10,527",,"1,100","1,620","1,896",876,741,374,"1,423","1,245","2,316",832,"1,439",165,"14,027","1,755",651,,,,,,,,,,,
,月度成長率,-,-12.28%,197.95%,,,-56.82%,25.20%,130.08%,-43.28%,-27.60%,-26.01%,3.94%,60.35%,6.18%,458.39%,-61.02%,-6.29%,175.5%,,-7.64%,47.27%,17.04%,-53.80%,-15.41%,-49.53%,280.48%,-12.51%,86.02%,-64.08%,72.96%,-88.53%,,,,,,,,,,,,,,
,季度,-,-,"1,500",,,-,-,"1,935",-,-,"1,392",-,-,"1,477",-,-,"5,723",,,-,-,"4,616",-,-,"1,991",-,-,"4,984",-,-,"2,436",,,,,,,,,,,,,,
,季度成長率,-,-,-,,,-,-,29.00%,,,-28.06%,,,6.11%,,,287.47%,,,-,-,-19.34%,-,-,-56.87%,-,-,150.33%,-,-,-51.12%,,,,,,,,,,,,,,
,,,,,,,,,,,,,,,,,,,,,,,,,,,,,,,,,,,,,,,,,,,,,,
,,,,,,,,,,,,,,,,,,,,,,,,,,,,,,,,,,,,,,,,,,,,,,
,,,,,,,,,,,,,,,,,,,,,,,,,,,,,,,,,,,,,,,,,,,,,,
,,,,,,,,,,,,,,,,,,,,,,,,,,,,,,,,,,,,,,,,,,,,,,
,,,,,,,,,,,,,,,,,,,,,,,,,,,,,,,,,,,,,,,,,,,,,,
,,,,,,,,,,,,,,,,,,,,,,,,,,,,,,,,,,,,,,,,,,,,,,
,,,,,,2024,2024,2024,2024,2024,2024,2024,2024,2024,2024,2024,2024,2024,2024,2025,2025,2025,2025,2025,2025,2025,2025,2025,2025,2025,2025,2025,2025,,,,,,,,,,,,,
,,,,,,,1月,2月,3月,4月,5月,6月,7月,8月,9月,10 月,11 月,12 月,Total,,1月,2月,3月,4月,5月,6月,7月,8月,9月,10 月,11 月,12 月,Total,,,,,,,,,,,,,
,,,,,,總自然觸及人數,"60,341","95,465","203,067","121,104","130,129","150,721","110,810","138,585","113,295","710,021","113,197","112,196","1,402,684",總自然觸及人數,"66,527","158,449","129,612","100,015","126,070","93,054","176,340","112,682","436,762","105,623","723,628","254,708","2,483,470",,,,,,,,,,,,,
,,,,,,總觸及人數,"122,304","346,249","286,020","379,329","226,084","310,099","226,935","163,134","270,394","1,143,093","222,917","293,146","3,989,704",總觸及人數,"186,985","392,602","525,014","224,514","224,791","378,253","651,519","523,860","566,792","452,678","1,463,266","366,693","3,267,600",,,,,,,,,,,,,
,,,,,,新增淨追蹤數,377,472,"1,086",616,446,330,343,550,584,"3,261","1,271","1,191","10,527",新增淨追蹤數,"1,100","1,620","1,896",876,741,374,"1,423","1,245","2,316",832,"1,439",165,"14,027",,,,,,,,,,,,,
,,,,,,,,,,,,,,,,,,,,,,,,,,,,,,,,,,,,,,,,,,,,,,
,,,,,,,,,,,,,,,,,,,,,,,,,,,,,,,,,,,,,,,,,,,,,,
,,,,,,,,,,,,,,,,行銷營收,其他營收,營收總計,成長率,,,,,,,,,,,,,,,,,,,,,,,,,,,
,,,,,,,,,,,,,,,2024,"9,508,562","1,509,183","11,017,746",61.70%,,,,,,,,,,,,,,,,,,,,,,,,,,,
,,,,,,,,,,,,,,,2025,"10,915,986","409,927","11,325,913",2.80%,,,,,,,,,,,,,,,,,,,,,,,,,,,
,,,,,,,,,,,,,,,,2024,2025,成長率,,,,,,,,,,,,,,,,,,,,,,,,,,,,
,,,,,,,,,,,,,,,總自然觸及人數,"1,402,684","2,483,470",77.05%,,,,,,,,,,,,,,,,,,,,,,,,,,,,
,,,,,,,,,,,,,,,總觸及人數,"3,989,704","3,267,600",-18.10%,,,總自然觸及人數,,,,,,,,,,,,,,,,,,,,,,,,,
,,,,,,,,,,,,,,,新增淨追蹤數,"10,527","14,027",33.25%,,,每季 40w,,,,,,,,,,,,,,,,,,,,,,,,,
,,,,,,,,,,,,,,,,,,,,,季目標,fb ,"330,000",,,,,,,,,,,,,,,,,,,,,,,
,,,,,,,,,,,,,,,,,0.424907381,,,,,IG ,"90,000",,,,,,,,,,,,,,,,,,,,,,,
,,,,,,,,,,,,,,,,,,,,,新增淨追蹤數（新增-取消）,,,,,,,,,,,,,,,,,,,,,,,,,
,,,,,,,,,,,,,,,,,,,,,每月 900,fb,550,,,,,,,,,,,,,,,,,,,,,,,
,,,,,,,,,,,,,,,,,,,,,,IG,350,,,,,,,,,,,,,,,,,,,,,,,
,,,,,,,,,,,,,,,,,,,,,,,,,,,,,,,,,,,,,,,,,,,,,,
,,,,,,,,,,,,,,,,,,,,,,,,,,,,,,,,,,,,,,,,,,,,,,
,,,,,,,,,,,,,,,,,,,,,門票,講堂,1299,12,13,202644,,,,,,,,,,,,,,,,,,,,
,,,,,,,,,,,,,,,,,,,,,門票,小聚,200,4,30,24000,,,,,,,,,,,,,,,,,,,,
,,,,,,,,,,,,,,,,,,,,,贊助,,,,,,,,,,,,,,,,,,,,,,,,,